时间,岗位,地点,工资,要求,公司,方向,公司标签,福利待遇
1天前发布,Python工程师,成都·锦江区,15k-30k,经验3-5年 / 本科,希望金科,"移动互联网 金融 / 不需要融资 / 150-500人	后端","六险一金,实力平台,牛人团队,技术氛围好",
1天前发布,Python 开发工程师,杭州·古荡,10k-20k,经验1-3年 / 本科,Club Factory,电子商务,"移动互联网 / C轮 / 150-500人	电商","弹性工作,周末双休"
1天前发布,Python研发工程师,北京·太阳宫,17k-24k,经验3-5年 / 本科,听云,"移动互联网 / 上市公司 / 150-500人	""""",上市公司 带薪年假 地铁周边,
3天前发布,python研发工程师,杭州·拱墅区,15k-30k,经验1-3年 / 本科,美登科技,电子商务,"企业服务 / 不需要融资 / 15-50人	后端C","弹性工作,技术大神带,午餐补助,年度旅游"
2天前发布,Python工程师,上海·杨浦区,15k-30k,经验1-3年 / 本科,GeexFinance,"金融 / A轮 / 150-500人	风控",有挑战,
1天前发布,Python开发工程师,上海·浦东新区,13k-22k,经验不限 / 本科,妈妈帮,移动互联网,"O2O / 不需要融资 / 50-150人	绩效奖金年底双薪专项奖金五险一金","氛围活跃,技术团队,不打卡,福利赞"
2天前发布,Python开发工程师,郑州·姚寨,5k-10k,经验1-3年 / 大专,郑州创恒实业有限公司,"移动互联网 / 未融资 / 150-500人	后端Node.jsPHP","周末双休,年底双薪,全勤奖,外出旅游",
1天前发布,Python工程师,杭州·西兴,15k-30k,经验3-5年 / 本科,TELETRAAN,数据服务,"企业服务 / 天使轮 / 15-50人	全新MAC24+显示器硅谷工作机会股票期权","弹性工作,硅谷团队,股权激励,全正版软件"
1天前发布,Python开发工程师,北京·西北旺,18k-36k,经验3-5年 / 本科,Aibee,移动互联网,"企业服务 / 天使轮 / 50-150人	后端服务器端客户端","初创公司,技术驱动"
1天前发布,Python开发工程师,深圳·科技园,13k-25k,经验1-3年 / 大专,易博天下,移动互联网,"O2O / 上市公司 / 150-500人	年底双薪股票期权带薪年假创业公司范儿",平台好 高速增长 股票期权 创业团队
1天前发布,Python开发工程师,上海·同乐坊,15k-25k,经验3-5年 / 本科,Student.com,"电子商务 / C轮 / 50-150人	后端MySQL搜索",活力团队，弹性工作，发展空间大,
1天前发布,python开发工程师,上海·江湾,25k-40k,经验5-10年 / 本科,速石科技,"企业服务 / 天使轮 / 少于15人	云计算大数据Linux/UnixdockerGolang","精英团队,先进项目,环境优越,试用期全薪",
1天前发布,Python开发,上海·浦东新区,8k-11k,经验1-3年 / 本科,上海驰勤,移动互联网,"电子商务 / 未融资 / 50-150人	企业服务后端Linux/UnixGO",带薪年假 绩效奖金 满年调薪 交通便利
3天前发布,Python工程师,天津·国际大厦,10k-20k,经验1-3年 / 本科,联合咨询,金融,"数据服务 / 不需要融资 / 50-150人	爬虫网络爬虫搜索全栈","技术导向,扁平管理,用餐免费,福利补贴"
3天前发布,Python,西安·高新技术产业开发区,8k-15k,经验1-3年 / 大专,艾润物联,移动互联网,"生活服务 / A轮 / 150-500人	节日礼物年底双薪专项奖金年度旅游",竞争力的薪资，弹性工作时间和开放办公环境
2天前发布,Python 开发工程师,杭州·滨江区,10k-20k,经验3-5年 / 本科,H3C,移动互联网,"信息安全 / 上市公司 / 2000人以上	云计算大数据爬虫机器学习","高成长性,福利好"
3天前发布,Python开发工程师,上海·闸北公园,15k-25k,经验1-3年 / 本科,易居中国-创新研发中心,移动互联网,"电子商务 / 上市公司 / 2000人以上	后端Golang","上市公司,公司氛围好,平台大,技术牛"
1天前发布,Python,上海·复旦大学,15k-30k,经验3-5年 / 本科,亿可能源,移动互联网,"数据服务 / A轮 / 50-150人	JavaMySQL",技术大牛
1天前发布,python,北京·东城区,20k-40k,经验不限 / 本科,客知音,企业服务,"移动互联网 / A轮 / 15-50人	年终分红带薪年假交通补助午餐补助",人工智能；技术驱动；大牛带队；福利多多
1天前发布,Python开发工程师,苏州·独墅湖,10k-20k,经验1-3年 / 本科,图玛深维,"其他 / B轮 / 50-150人	QTC++","AI,技术大牛",
2天前发布,Python开发工程师,上海·闵行区,12k-20k,经验1-3年 / 本科,隆霁信息,"教育 移动互联网 / 不需要融资 / 15-50人	教育移动互联网Linux/UnixMySQL后端",团队氛围好 年底双薪 五险一金,
2天前发布,Python工程师,北京·建国门,20k-35k,经验5-10年 / 本科,易到用车,移动互联网,"O2O / D轮及以上 / 500-2000人	弹性工作带薪年假五险一金补充医疗",年底双薪 弹性上班
1天前发布,Python高级工程师,成都·锦江区,20k-40k,经验5-10年 / 本科,希望金科,"移动互联网 金融 / 不需要融资 / 150-500人	后端","六险一金,实力平台,牛人团队,技术氛围好",
3天前发布,Python开发工程师,北京·朝阳区,20k-30k,经验3-5年 / 本科,The ONE,硬件,"教育 / C轮 / 500-2000人	优秀团队技术大牛多五险一金弹性工作","五险一金,交通补助,午晚餐"
2天前发布,python开发,广州·天河区,10k-15k,经验3-5年 / 本科,BBGAME,"游戏 / 天使轮 / 50-150人	年底双薪绩效奖金领导好扁平管理","晋升快,薪资高,福利好,上司nice",
2天前发布,Python开发工程师,北京·大望路,10k-20k,经验不限 / 大专,乐飞天下,移动互联网,"旅游 / 未融资 / 50-150人	后端分布式MySQL",五险一金 带薪假 海外旅游 节假福利
3天前发布,Python 开发工程师,北京·朝外,18k-20k,经验5-10年 / 本科,绫致时装（天津）有限公司,电子商务,"O2O / 不需要融资 / 2000人以上	Linux/UnixMySQL",发展前景好
1天前发布,Python研发工程师,北京·中关村,15k-25k,经验1-3年 / 本科,Gridsum 国双,数据服务,"企业服务 / 上市公司 / 500-2000人	云计算移动互联网JSMySQL","六险一金,节日福利,带薪休假,餐补"
1天前发布,Python工程师,深圳·科技园,13k-25k,经验1-3年 / 本科,先健互联网,金融,"医疗健康 / A轮 / 150-500人	医疗健康大数据数据挖掘数据分析数据处理","互联网医疗,上市背景,领头企业,行业大拿"
2天前发布,Python软件研发工程师,长沙·长沙县,8k-16k,经验3-5年 / 大专,天河国云,移动互联网,"金融 / 天使轮 / 50-150人	Linux/Unix区块链","行业火,氛围棒,福利全,五险一金"
2天前发布,Python开发师,上海·徐汇区,15k-30k,经验3-5年 / 本科,问卷网@爱调研,"移动互联网 / B轮 / 150-500人	Java","五险一金,季度旅游,节日福利,带薪年假",
2天前发布,Python开发工程师—上海,上海·塘桥,10k-20k,经验1-3年 / 本科,优维科技,移动互联网,"企业服务 / B轮 / 50-150人	大数据","带薪年假,年度旅游,五险一金"
1天前发布,Python开发工程师,北京·西北旺,15k-28k,经验3-5年 / 本科,轻易贷,"金融 / 上市公司 / 2000人以上	JavaPHP","弹性工作制,扁平化管理,绩效奖金",
1天前发布,python开发工程师,广州·员村,15k-20k,经验3-5年 / 大专,原力互娱,"移动互联网 / 上市公司 / 500-2000人	游戏运维Linux","上市公司,周末双休,包三餐,团队氛围好",
2天前发布,python工程师(J11548),北京·大山子,25k-40k,经验3-5年 / 本科,便利蜂,移动互联网,"生活服务 / 不需要融资 / 2000人以上	弹性工作美女多帅哥多领导好",五险一金
1天前发布,Python研发工程师（中高级）,北京·四惠,15k-25k,经验3-5年 / 本科,掌阅,"移动互联网 / 上市公司 / 500-2000人	专项奖金带薪年假年度旅游扁平管理","管理扁平化,发展机会佳,薪资待遇好",
2天前发布,Python开发工程师,西安·高新技术产业开发区,8k-15k,经验1-3年 / 本科,润和软件,"移动互联网 / 上市公司 / 2000人以上	JSRuby","主动性强,学历能力",
1天前发布,Python开发工程师,北京·北京站,20k-40k,经验1-3年 / 大专,智水互娱,"游戏 / 不需要融资 / 15-50人	Java","海外,高薪",
1天前发布,Python高级开发工程师,上海·闵行区,15k-25k,经验3-5年 / 本科,莉莉丝游戏,移动互联网,"游戏 / 不需要融资 / 150-500人	都是萌妹子项目奖金零食无限量牛逼的同事","零食饮料,五险一金,年终奖,境外团结"
1天前发布,Python开发工程师（南京）,南京·铁心桥,10k-18k,经验1-3年 / 本科,飞常准,"移动互联网 / A轮 / 150-500人	Java数据库",弹性工作,
1天前发布,python工程师（ai）,北京·东城区,20k-40k,经验不限 / 本科,客知音,企业服务,"移动互联网 / A轮 / 15-50人	年终分红带薪年假交通补助午餐补助",人工智能；技术驱动；大牛带队；福利多多
1天前发布,Python开发工程师,成都·中和,8k-15k,经验3-5年 / 大专,易路,移动互联网,"企业服务 / A轮 / 50-150人	Java",弹性工时/年轻团队/人性管理/高端客户群
2天前发布,Python中级工程师,廊坊·广阳区,8k-10k,经验1-3年 / 本科,ZingFront智线,移动互联网,"数据服务 / A轮 / 50-150人	JavaPHP","五险一金,带薪年假,技术成长,晋升空间大"
2018/10/17,Python工程师,西安·科技二路,8k-15k,经验1-3年 / 大专,晟运通科技,"电子商务 / 未融资 / 150-500人	大数据Hadoop","五险一金,法定双休,节日福利,平台晋升",
2天前发布,高级Python开发工程师,郑州·东明路,7k-10k,经验1-3年 / 大专,郑州创恒实业有限公司,"移动互联网 / 未融资 / 150-500人	云计算MySQL云计算爬虫",高级,
2天前发布,Python开发工程师,苏州·独墅湖,10k-20k,经验1-3年 / 本科,问卷网@爱调研,"移动互联网 / B轮 / 150-500人	后端平台","五险一金,福利多多,晋升通道",
1天前发布,Python中高级开发工程师,北京·大望路,15k-30k,经验5-10年 / 大专,乐飞天下,移动互联网,"旅游 / 未融资 / 50-150人	后端MySQL数据挖掘",五险一金 带薪假 海外旅游 节假福利
1天前发布,高级Python研发工程师,北京·四惠,25k-35k,经验3-5年 / 本科,掌阅,"移动互联网 / 上市公司 / 500-2000人	云计算Java云计算","扁平化管理,福利待遇佳,学习氛围好,晋升空间大",
2天前发布,资深Python研发工程师,北京·中关村,20k-40k,经验3-5年 / 本科,Gridsum 国双,数据服务,"企业服务 / 上市公司 / 500-2000人	后端平台云计算","上市公司,六险一金,发挥空间,团队氛围"
1天前发布,高级python开发工程师,成都·高新区,10k-20k,经验3-5年 / 本科,萌想科技,"招聘 / B轮 / 150-500人	移动互联网招聘后端移动开发","周末双休,五险一金,年终奖,节日福利",
1天前发布,Python开发工程师(J10100),北京·西二旗,15k-30k,经验3-5年 / 大专,会分期,"移动互联网、金融 / D轮及以上 / 150-500人	电商房产服务","五险一金,十四薪,弹性工作",
2天前发布,Python开发工程师,北京·酒仙桥,20k-40k,经验3-5年 / 不限,奇虎360金融,移动互联网,"金融 / 未融资 / 500-2000人	移动互联网Hadoop","优秀团队,优秀项目"
3天前发布,Python工程师,北京·大望路,20k-40k,经验3-5年 / 不限,诸葛找房网,移动互联网,"生活服务 / B轮 / 150-500人	后端docker","六险一金,住房补贴,节日福利,一日三餐"
1天前发布,开发工程师（Python）,成都·高新区,7k-12k,经验1-3年 / 本科,金蜜工业卫士,"移动互联网 / 未融资 / 500-2000人	后端Linux/UnixERP","五险一金,周末双休,不加班,办公环境优",
1天前发布,高级Python开发,上海·复旦大学,25k-35k,经验5-10年 / 本科,亿可能源,移动互联网,"数据服务 / A轮 / 50-150人	Ruby","部门负责人,核心成员"
3天前发布,Python开发工程师,武汉·江夏区,10k-15k,经验1-3年 / 本科,猫头鹰团队,移动互联网,"社交网络 / A轮 / 50-150人	JavaMySQL","年终奖金,五险一金,弹性时间,零食水果"
1天前发布,Python工程师（中级）,上海·淮海路,10k-15k,经验3-5年 / 本科,italki,电子商务,"教育 / A轮 / 50-150人	社交教育","全球用户,在线教育,国际团队,福利满分"
2018/10/26,Python,成都·高新区,8k-10k,经验1-3年 / 本科,捷云智慧,"移动互联网 / 不需要融资 / 15-50人	",节日、生日福利、五险，绩效奖金、交通餐补,
1天前发布,高级Python工程师,北京·五道口,25k-35k,经验3-5年 / 本科,tataUFO,移动互联网,"社交网络 / B轮 / 50-150人	MySQL","8天年假,五险一金,扁平化管理,年终奖"
1天前发布,python 高级工程师,北京·三里屯,20k-35k,经验3-5年 / 大专,北京乐途原动力,移动互联网,"广告营销 / 未融资 / 50-150人	后端","十五薪,打车补贴,双月奖金"
2天前发布,Python开发,上海·徐汇区,15k-30k,经验3-5年 / 本科,问卷网@爱调研,"移动互联网 / B轮 / 150-500人	Java","五险一金,季度旅游,生日会,带薪年假",
2天前发布,资深python开发工程师,北京·中关村,20k-30k,经验3-5年 / 本科,Gridsum 国双,数据服务,"企业服务 / 上市公司 / 500-2000人	年度旅游节日礼物年底双薪带薪年假",发挥空间 晋升空间 牛人多 团队优秀
1天前发布,高级Python开发工程师,深圳·南山区,20k-25k,经验5-10年 / 本科,微思敦,移动互联网,"广告营销 / 不需要融资 / 50-150人	大数据","五险一金,周末双休,年终奖,出国游"
1天前发布,Django/Python/后端开发,上海·静安寺,20k-35k,经验3-5年 / 本科,Seedlink,移动互联网,"企业服务 / A轮 / 15-50人	股票期权扁平管理年终分红五险一金",发展前景好、学习发展快
1天前发布,高级python开发工程师,深圳·科技园,18k-36k,经验3-5年 / 本科,达观数据,"移动互联网 / B轮 / 50-150人	企业服务大数据后端C++机器学习","人工智能,准独角兽,技术氛围浓,发展空间",
2天前发布,python/爬虫开发,杭州·仓前,8k-15k,经验1-3年 / 本科,康策网络,移动互联网,"医疗健康 / 不需要融资 / 50-150人	Java","数据抓取,pytho"
1天前发布,Python开发工程师,北京·五道口,15k-30k,经验1-3年 / 本科,iHandy,"移动互联网 / 不需要融资 / 150-500人	服务器端JavaNode.js","六险一金,水果零食多,按摩椅,大牛云集",
2天前发布,高级python研发工程师,北京·西三旗,20k-30k,经验3-5年 / 本科,源清慧虹,信息安全,"数据服务 / B轮 / 50-150人	大数据数据架构数据分析数据库开发","二次医疗,健身场所,福利补助"
2天前发布,资深python研发工程师,北京·CBD,28k-40k,经验5-10年 / 本科,中云网安,"数据服务 / A轮 / 15-50人	信息安全","技术前沿,人工智能",
3天前发布,Python高级开发工程师,上海·长征,15k-30k,经验3-5年 / 本科,饿了么,"移动互联网 / D轮及以上 / 2000人以上	节日礼物绩效奖金年度旅游岗位晋升",团队好玩 快速成长 Aeron椅 标配MBP,
1天前发布,Python web开发工程师,广州·天园,15k-25k,经验3-5年 / 本科,擎天柱,"游戏 / 不需要融资 / 150-500人	游戏后端平台","年底双薪,周末双休,节日福利,培训晋升",
2018/10/29,高级Python工程师,北京·望京,20k-35k,经验1-3年 / 本科,天桐互动,"移动互联网 / A轮 / 15-50人	云计算","期权激励,扁平化管理,五险一金,年底双薪",
1天前发布,Python中级开发工程师,上海,10k-18k,经验1-3年 / 本科,易路,移动互联网,"企业服务 / A轮 / 50-150人	技能培训年底双薪绩效奖金岗位晋升",高薪福利，弹性工作，五险一金
2天前发布,高级python开发工程师,北京·大望路,15k-30k,经验1-3年 / 本科,她理财,移动互联网,"金融 / A轮 / 50-150人	年底双薪节日礼物技能培训绩效奖金",互联网金融 无天花板 六险一金 期权激励
2018/10/30,高级Python工程师,上海·闵行区,25k-40k,经验3-5年 / 本科,上海砸立,移动互联网,"电子商务 / B轮 / 50-150人	广告营销电商",出外旅行 技术大牛 美女如云 扁平化管理
2天前发布,Python资深开发,上海·徐汇区,12k-24k,经验3-5年 / 本科,问卷网@爱调研,"移动互联网 / B轮 / 150-500人	技能培训节日礼物年底双薪绩效奖金","带薪年假,股票期权,下午茶,季度旅游",
2天前发布,资深python研发工程师,深圳·岗厦,20k-40k,经验5-10年 / 本科,Gridsum 国双,数据服务,"企业服务 / 上市公司 / 500-2000人	大数据云计算",上市公司 发挥空间 折腾技术 牛人多
1天前发布,Python,北京·朝阳区,30k-60k,经验3-5年 / 本科,Cobo Wallet,"移动互联网 信息安全 / A轮 / 15-50人	Node.jsRuby","股权激励,成长空间,大牛团队,良好环境",
1天前发布,Java/Python开发工程师（19届）,北京·望京,12k-24k,经验应届毕业生 / 本科,陌陌,"社交网络 / 上市公司 / 500-2000人	社交移动互联网","每日下午茶,舒适的环境,可爱的伙伴",
1天前发布,Python高级开发工程师,广州·林和,10k-20k,经验3-5年 / 本科,乐至科技,"移动互联网 / 不需要融资 / 15-50人	云计算Java云计算","环境好,待遇优,福利好,人际简单",
2018/10/16,Python高级开发工程师,北京·学院路,18k-36k,经验3-5年 / 本科,达观数据,"移动互联网 / B轮 / 50-150人	大数据云计算C++后端NLP","团队技术强,发展空间大,人工智能",
1天前发布,Python后端工程师,北京·海淀区,25k-40k,经验5-10年 / 本科,GeneDock,医疗健康,"数据服务 / B轮 / 15-50人	股票期权带薪年假扁平管理定期体检","五险一金,免费午餐,团队融洽,技术超前"
1天前发布,Python高级开发工程师,上海·虹桥,15k-20k,经验3-5年 / 本科,易路,移动互联网,"企业服务 / A轮 / 50-150人	技能培训年底双薪绩效奖金岗位晋升",弹性工作，带薪年假，股权激励机会。
2018/10/23,Python工程师,广州·东圃,12k-18k,经验不限 / 大专,广府数字,"区块链 电子商务 / 未融资 / 15-50人	电商移动互联网","打造千万级,原始股权,公司核心骨,报酬丰厚",
1天前发布,高级python开发工程师,深圳·南头,18k-30k,经验5-10年 / 本科,小橙奔跑,移动互联网,"广告营销 / 天使轮 / 15-50人	后端服务器端","年底双薪,五险一金,带薪年假,午餐补贴"
2天前发布,python工程师(北京),北京·苏州街,15k-25k,经验1-3年 / 本科,码隆科技,"移动互联网 / B轮 / 50-150人	软件开发",发展前景广阔,
3天前发布,高级Python开发工程师,武汉·江夏区,15k-25k,经验3-5年 / 本科,猫头鹰团队,移动互联网,"社交网络 / A轮 / 50-150人	Java","五险一金,年终奖金,弹性时间,零食水果"
2018/11/2,资深Python 工程师,北京·海淀区,14k-20k,经验1-3年 / 不限,鲸媒体,教育,"移动互联网 / A轮 / 15-50人	Linux/Unix","五险一金,员工福利,餐补,双休"
1天前发布,Python后端开发工程师,上海·黄浦区,15k-30k,经验1-3年 / 本科,Glow,移动互联网,"医疗健康 / B轮 / 15-50人	医疗健康移动互联网MySQL服务器端","产品优秀,团队出色,硅谷背景,注重技术"
1天前发布,python开发工程师,上海·张江,10k-15k,经验3-5年 / 本科,开阖软件,"企业服务 / 不需要融资 / 少于15人	云计算企业服务ERP",中国著名erp软件品牌，国际化产品,
2天前发布,高级Python研发工程师,深圳·岗厦,15k-30k,经验3-5年 / 本科,Gridsum 国双,数据服务,"企业服务 / 上市公司 / 500-2000人	云计算大数据平台",上市公司 发挥空间 折腾技术 牛人多
1天前发布,python,德阳·旌阳区,6k-7k,经验1-3年 / 不限,快单手,"金融 / 未融资 / 150-500人	互联网金融证券/期货",弹性工作，不加班。环境好,
1天前发布,Python开发工程师,珠海·香洲区,13k-25k,经验不限 / 不限,金山办公软件,"移动互联网 / 上市公司 / 2000人以上	云计算软件开发","待遇好,平台大,平台好,待遇好",
1天前发布,Python高级研发工程师-度假事业部(J11528),北京·中关村,20k-40k,经验3-5年 / 本科,去哪儿网,"移动互联网 / 不需要融资 / 2000人以上	旅游大数据软件开发",团队氛围融洽，帅哥美女多，年假多，年终奖,
2018/10/29,高级Python研发工程师,北京·团结湖,20k-35k,经验5-10年 / 本科,格上添富,移动互联网,"金融 / 不需要融资 / 150-500人	旅游Java","水果零食,扁平化管理,弹性工作"
1天前发布,高级Python工程师,北京·燕莎,25k-35k,经验5-10年 / 本科,Veeva,移动互联网,"企业服务 / 上市公司 / 500-2000人	医疗健康后端平台架构师",纽交所上市 美资 生命科学 股票
2018/11/3,Python开发工程师(增长黑客方向),杭州·长河,15k-25k,经验3-5年 / 不限,微点（杭州）网络科技有限公司,移动互联网,"电子商务 / 不需要融资 / 150-500人	定期体检美女多领导好扁平管理",高速增长
1天前发布,python开发工程师 8k-15k,大连·星海广场,8k-15k,经验应届毕业生 / 大专,暗泉信息,"信息安全 / 不需要融资 / 15-50人	网络爬虫Linux/Unix后端",钱多离家近,
1天前发布,数据工程师（Python）,深圳·南山区,13k-26k,经验3-5年 / 本科,华润置地商业地产总部,"其他 / 上市公司 / 500-2000人	大数据数据分析MySQL","500强,创新业务,福利好",
1天前发布,Python后端工程师,北京·朝阳区,15k-30k,经验1-3年 / 本科,图森未来,"移动互联网 / C轮 / 150-500人	弹性工作五险一金有力的餐品大牛云集","行业前沿,大牛云集,发展空间大,薪酬福利好",
1天前发布,Python技术经理,上海·大柏树,20k-30k,经验3-5年 / 不限,力武田,"移动互联网 / 不需要融资 / 少于15人	技术管理","薪资待遇好,项目稳定,回报优良",
2018/10/23,ＰＨＰ兼 Python 开发工程师,广州·东圃,13k-18k,经验不限 / 大专,广府数字,"区块链 电子商务 / 未融资 / 15-50人	移动互联网电商后端PHP","打造千万级,原始股权,公司核心骨,报酬丰厚",
3天前发布,Python后台工程师,上海·徐汇区,8k-12k,经验1-3年 / 本科,一条视频,"电子商务 / C轮 / 150-500人	电商视频后端docker","短视频,电商,13薪",
1天前发布,高级 Python 后台开发工程师,西安·高新技术产业开发区,20k-30k,经验3-5年 / 本科,星垂智能,移动互联网,"人工智能 / 不需要融资 / 15-50人	后端docker","国际化团队,扁平化管理,完善的福利"
1天前发布,python开发工程师,杭州·古荡,8k-15k,经验应届毕业生 / 本科,Club Factory,电子商务,"移动互联网 / C轮 / 150-500人	电商后端",弹性工作 周末双休
1天前发布,极光调研 - 高级 Python 工程师,深圳·南头,18k-35k,经验3-5年 / 本科,极光,移动互联网,"数据服务 / 上市公司 / 500-2000人	大数据Java","上市公司,14薪+,攻城狮氛围,牛掰团队"
1天前发布,Python后端开发工程师,北京·望京,20k-40k,经验3-5年 / 本科,Castbox,移动互联网,"文化娱乐 / B轮 / 50-150人	游戏支付服务器端JavaPHP","大牛云集,硅谷文化,免费三餐,租房补贴"
3天前发布,python web开发工程师,长沙·岳麓区,10k-20k,经验3-5年 / 大专,动脑科技,"教育 / 未融资 / 50-150人	信息安全Linux","前景广阔,福利优越,大平台,美女如云",
2天前发布,python运维开发工程师,南京·江宁区,10k-20k,经验3-5年 / 本科,孩子王,"移动互联网 / C轮 / 2000人以上	云计算Linux数据库","互联网氛围,母婴行业,独角兽企业",
1天前发布,python研发工程师,北京·四季青,15k-30k,经验5-10年 / 本科,CDS,"移动互联网 / 上市公司 / 150-500人	云计算云计算","薪酬福利好,云计算公司",
2天前发布,Python开发工程师,杭州·西兴,15k-25k,经验3-5年 / 本科,PingPong,金融,"电子商务 / B轮 / 150-500人	电商后端服务器端算法","跨境电商,独角兽,国内首家,顶级团队"
1天前发布,Python开发工程师,北京·万柳,10k-18k,经验3-5年 / 本科,微车,移动互联网,"O2O / C轮 / 150-500人	服务器端MySQL","一日三餐,六险一金,14薪,定期团建"
1天前发布,Python 后台研发工程师（深圳公司）,深圳·南油,20k-40k,经验5-10年 / 本科,影子控股,企业服务,"数据服务 / 不需要融资 / 150-500人	大数据云计算",硅谷大牛 14薪 年终奖 双休
1天前发布,Python研发工程师（数据）,北京·四惠,20k-30k,经验1-3年 / 本科,掌阅,"移动互联网 / 上市公司 / 500-2000人	机器学习搜索推荐算法","上市公司,丰富福利,数据驱动,免费旅游",
1天前发布,python 高级开发工程师,上海·浦东新区,15k-30k,经验不限 / 本科,趣头条,"移动互联网 / 上市公司 / 500-2000人	图像处理音视频视频识别",行业独角兽,
1天前发布,资深后端研发工程师（python方向）,深圳·岗厦,25k-35k,经验5-10年 / 本科,Gridsum 国双,数据服务,"企业服务 / 上市公司 / 500-2000人	云计算大数据docker云计算","发展空间大,牛人多,弹性工作制,福利好"
2天前发布,Python后端开发工程师 (MJ001090),上海·张江,15k-30k,经验1-3年 / 大专,沪江,移动互联网,"教育 / D轮及以上 / 500-2000人	技能培训节日礼物年底双薪专项奖金","互联网教育,团队牛,氛围佳,弹性办公"
1天前发布,python工程师,成都·高新区,8k-14k,经验1-3年 / 本科,四川长虹电器股份有限公司,"硬件 / 上市公司 / 2000人以上	绩效奖金管理规范定期体检五险一金",五险一金 年终奖 项目奖,
2018/10/23,高级python研发工程师,北京·西三旗,20k-25k,经验5-10年 / 本科,诺誉投资,移动互联网,"金融 / B轮 / 150-500人	分布式","即将b轮,团队背景好"
1天前发布,python开发,北京·朝阳区,10k-18k,经验3-5年 / 本科,瞬联软件科技（北京）有限公司,移动互联网 ,"企业服务 / 不需要融资 / 500-2000人	后端","七险一金,带薪年假,弹性工作,职位晋升"
1天前发布,Python开发工程师,上海·长阳路,20k-30k,经验3-5年 / 本科,UCloud,数据服务,"企业服务 / D轮及以上 / 500-2000人	云计算Java云计算","六险一金,领导好,独角兽公司,弹性工作"
1天前发布,Python开发工程师（数据方向）,杭州·古荡,15k-20k,经验1-3年 / 本科,Club Factory,电子商务,"移动互联网 / C轮 / 150-500人	大数据JavaMySQL","海量数据,世界级产品,核心业务,高复杂度"
1天前发布,python开发工程师,北京·太阳宫,20k-40k,经验1-3年 / 本科,老虎集团,移动互联网,"金融 / C轮 / 150-500人	金融docker","6险一金,期权股票,团队氛围好,地铁周边"
1天前发布,软件工程师（python）,武汉·洪山区,10k-20k,经验不限 / 本科,烽火集成,"其他 / 上市公司 / 2000人以上	通信/网络设备",国企，七险两金，中餐补贴，免费班车,
1天前发布,Python后端开发工程师,南京·雨花台区,10k-20k,经验3-5年 / 本科,南京网眼软件有限公司,"移动互联网 / 不需要融资 / 150-500人	MySQLLinux/Unix","免费三餐,出国旅游,双休,扁平化管理",
1天前发布,Python开发工程师,上海·浦东新区,20k-35k,经验5-10年 / 本科,趣头条,"移动互联网 / 上市公司 / 500-2000人	后端",发展,
1天前发布,高级Python开发工程师,北京·北京大学,25k-50k,经验3-5年 / 本科,Face++,移动互联网,"硬件 / C轮 / 500-2000人	科技大牛公司自助三餐年终多薪超长带薪假期",大牛多
1天前发布,Python开发工程师,上海·五角场,20k-40k,经验3-5年 / 本科,DAOCLOUD,企业服务,"数据服务 / B轮 / 150-500人	云计算软件开发Java","15天年假,5天病假,年终多薪,公司前景"
1天前发布,Python开发工程师,北京·上地,25k-50k,经验3-5年 / 本科,贝壳,移动互联网,"O2O / C轮 / 2000人以上	股票期权带薪年假绩效奖金扁平管理","扁平管理,六险二金,免费三餐,弹性工作"
1天前发布,Python开发工程师,深圳·南山区,15k-20k,经验3-5年 / 本科,万影技术,"电子商务 移动互联网 / 未融资 / 50-150人	企业服务电商","早九晚六,周末双休,五险一金,绩效奖金",
3天前发布,python后端开发工程师,北京·东直门,20k-30k,经验不限 / 本科,客知音,企业服务,"移动互联网 / A轮 / 15-50人	企业服务工具软件",福利待遇
1天前发布,python工程师,成都·高新区,8k-15k,经验3-5年 / 本科,四川长虹电器股份有限公司,"硬件 / 上市公司 / 2000人以上	绩效奖金管理规范定期体检五险一金","五险一金,年终奖,项目奖",
1天前发布,Python工程师,北京·中关村,15k-30k,经验3-5年 / 大专,新东方教育行业研究院,移动互联网,"教育 / B轮 / 150-500人	五险一金带薪年假节日礼物午餐补助","机会多多,K12,平台好"
2天前发布,Python开发实习生-短视频方向,上海·黄浦区,4k-8k,经验不限 / 本科,字节跳动,移动互联网,"数据服务 / C轮 / 2000人以上	后端",弹性工作，餐补，租房补贴，休闲下午茶，扁平管理，过亿用户，职业大牛，团队氛围好，优厚薪资
3天前发布,python开发工程师,上海·徐汇区,15k-25k,经验3-5年 / 大专,有鱼金融科技,移动互联网,"金融 / 不需要融资 / 500-2000人	移动互联网Shelldocker","亿级平台,准上市,极客文化,不加班"
1天前发布,高级Python开发工程师,上海·长阳路,25k-35k,经验5-10年 / 本科,UCloud,数据服务,"企业服务 / D轮及以上 / 500-2000人	云计算Java云计算","六险一金,弹性工作,年终旅游,技术挑战"
2天前发布,Python 工程师,厦门·莲前,15k-25k,经验1-3年 / 本科,舞刀弄影,"文化娱乐 / 天使轮 / 15-50人	移动互联网","弹性工作,团队氛围好,前景广阔",
1天前发布,Python开发工程师,东莞·东莞市市辖区,10k-15k,经验1-3年 / 本科,华微明天,移动互联网,"企业服务 / A轮 / 150-500人	技能培训节日礼物年底双薪带薪年假","带薪年假,员工旅游,定期体检,团队氛围好"
1天前发布,Python开发工程师,北京·国贸,15k-25k,经验3-5年 / 本科,爱选科技,移动互联网,"金融 / 天使轮 / 少于15人	后端","金融科技类,公司氛围好"
2天前发布,高级python后端工程师,北京·知春路,20k-35k,经验3-5年 / 本科,合心科技,移动互联网,"教育 / B轮 / 50-150人	移动端HTML","领导好,不打卡,氛围好"
3天前发布,Python算法工程师（初中级）,北京·小西天,15k-25k,经验1-3年 / 本科,盛和资讯,移动互联网,"企业服务 / A轮 / 15-50人	大数据软件开发","高收入,热门领域,发展前景"
1天前发布,高级爬虫工程师/python开发,长沙·岳麓区,10k-15k,经验3-5年 / 大专,连载阅读,移动互联网,"电子商务 / A轮 / 15-50人	Hadoop数据挖掘数据分析","优秀团队,技术氛围好"
3天前发布,Python Web 后端研发工程师,杭州·拱墅区,15k-30k,经验1-3年 / 本科,美登科技,电子商务,"企业服务 / 不需要融资 / 15-50人	GO","六险二金,技术大神带,午餐补助,扁平化管理"
2018/10/29,python开发,苏州·独墅湖,15k-30k,经验3-5年 / 本科,问卷网@爱调研,"移动互联网 / B轮 / 150-500人	后端","带薪年假,定期体检,弹性时间,福利多多",
1天前发布,高级Python工程师,北京·海淀区,25k-50k,经验3-5年 / 本科,iHandy,"移动互联网 / 不需要融资 / 150-500人	移动互联网服务器端","硅谷氛围,高手如云,零食水果,六险一金",
1天前发布,数据开发专家 (Python),杭州·古荡,10k-20k,经验1-3年 / 本科,Club Factory,电子商务,"移动互联网 / C轮 / 150-500人	数据仓库","弹性工作,周末双休"
2天前发布,python开发工程师,上海·徐汇区,15k-30k,经验不限 / 不限,游族网络,移动互联网,"游戏 / 上市公司 / 500-2000人	游戏MySQL","工作氛围好,专业培训,发展空间大,上市公司"
1天前发布,Python开发工程师,北京·西北旺,15k-25k,经验3-5年 / 本科,PALMAX,"移动互联网 / A轮 / 50-150人	大数据JavaNode.js","14薪,技术新,大牛多,年度体检",
1天前发布,Python量化系统工程师,北京·大屯,20k-40k,经验3-5年 / 本科,百乘集团,"金融 / 上市公司 / 2000人以上	带薪年假午餐补助扁平管理技能培训","五险一金,绩效奖金,餐补,带薪年假",
3天前发布,python开发,上海·长阳路,10k-19k,经验不限 / 不限,瞬联软件科技（北京）有限公司,移动互联网 ,"企业服务 / 不需要融资 / 500-2000人	Java","六险一金,带薪休假,弹性工作制,竞生机制"
